<?xml version="1.0" encoding="UTF-8"?>
<metatype:MetaData xmlns:metatype="http://www.osgi.org/xmlns/metatype/v1.0.0">
	<OCD name="Bipartite Network Graph" id="edu.iu.sci2.visualization.bipartitenet.algorithm.BipartiteNetAlgorithm.OCD"
		 description="Takes tabular data and generates a PostScript for a Bipartite Network Graph.">
		<AD name="Subtitle" id="subtitle" type="String" description="The subtitle text printed below the title of the visualization. Only available for non-simplified layout." default="" />
		<AD name="Left side node type" id="leftSideType" type="String" description="Values taken from the 'bipartitetype' column, which one should be on the left" default="(mutate)" />
		<AD name="Node size" id="nodeSizeColumn" type="String" description="The column to use to calculate the node size" default="(mutate)" />
		<AD name="Left side node ordering" id="leftColumnOrdering" type="String" description="The order in which to place nodes on the left side" default="(mutate)" />
		<AD name="Right side node ordering" id="rightColumnOrdering" type="String" description="The order in which to place nodes on the right side" default="(mutate)" />
		<AD name="Edge weight" id="edgeWeightColumn" type="String" description="The column to use to calculate the edge weight" default="(mutate)" />
		<AD name="Title for left column (blank for default)" id="leftColumnTitle" type="String" description="The text to place above the left-hand column of nodes.  The default is to use the value of the 'bipartitetype' column." default="" />
		<AD name="Title for right column (blank for default)" id="rightColumnTitle" type="String" description="The text to place above the right-hand column of nodes  The default is to use the value of the 'bipartitetype' column." default="" />
		<AD name="Simplified Layout?" id="is_web_layout" type="boolean" description="If selected, a simplified graphic will be produced. If not selected, the graphic produced will be suitable for printing and include a title, date, howto, etc." default="false" />
	</OCD>
	<Designate pid="edu.iu.sci2.visualization.bipartitenet.algorithm.BipartiteNetAlgorithm">
		<Object ocdref="edu.iu.sci2.visualization.bipartitenet.algorithm.BipartiteNetAlgorithm.OCD" />
	</Designate>
</metatype:MetaData>
